<?xml version="1.0" encoding="UTF-8" standalone="yes"?>
<manifest>
  <control namespace="ContactDetails" constructor="ContactsControl" version="0.0.1" display-name-key="ContactsControl" description-key="ContactsControl description" control-type="standard" api-version="1.3.15">
    <external-service-usage enabled="false"/>
    <data-set name="sampleDataSet" display-name-key="Dataset_Display_Key"/>
    <resources>
      <code path="bundle.js" order="1"/>
    </resources>
    <feature-usage/>
    <built-by name="pac" version="1.38.3"/>
  </control>
</manifest>